{
  "id": "3436337",
  "name": "xiao-luo",
  "font_family": "iconfont",
  "css_prefix_text": "icon-",
  "description": "",
  "glyphs": [
    {
      "icon_id": "77156",
      "name": "微信",
      "font_class": "weixin",
      "unicode": "e603",
      "unicode_decimal": 58883
    },
    {
      "icon_id": "4936984",
      "name": "QQ",
      "font_class": "QQ",
      "unicode": "e882",
      "unicode_decimal": 59522
    },
    {
      "icon_id": "20647579",
      "name": "icon_bilibili",
      "font_class": "icon_bilibili",
      "unicode": "e604",
      "unicode_decimal": 58884
    },
    {
      "icon_id": "1333",
      "name": "打开信息",
      "font_class": "dakaixinxi",
      "unicode": "e602",
      "unicode_decimal": 58882
    },
    {
      "icon_id": "983912",
      "name": "41说说",
      "font_class": "41shuoshuo",
      "unicode": "e658",
      "unicode_decimal": 58968
    },
    {
      "icon_id": "1413433",
      "name": "日志",
      "font_class": "rizhi",
      "unicode": "e69a",
      "unicode_decimal": 59034
    },
    {
      "icon_id": "5015",
      "name": "乐器",
      "font_class": "leqi",
      "unicode": "e600",
      "unicode_decimal": 58880
    },
    {
      "icon_id": "5017",
      "name": "咖啡",
      "font_class": "kafei",
      "unicode": "e601",
      "unicode_decimal": 58881
    },
    {
      "icon_id": "918722",
      "name": "爱心",
      "font_class": "aixin",
      "unicode": "e663",
      "unicode_decimal": 58979
    },
    {
      "icon_id": "29923359",
      "name": "rcd-heart",
      "font_class": "rcd-heart",
      "unicode": "e60f",
      "unicode_decimal": 58895
    }
  ]
}
